{
  "accuracy": 0.9921894669532776,
  "loss": 0.02442299574613571,
  "val_accuracy": 0.981333315372467,
  "val_loss": 0.088521808385849,
  "epoch": 14,
  "global_step": 1680
}